{
  "name": "jquery.superslides",
  "title": "Superslides",
  "description": "A fullscreen, hardware accelerated slider for jQuery.",
  "version": "0.5.0",
  "homepage": "https://github.com/nicinabox/superslides",
  "author": {
    "name": "Nic Aitch",
    "email": "nic@nicinabox.com",
    "url": "http://nicinabox.com"
  },
  "repository": {
    "type": "git",
    "url": "git://github.com/nicinabox/superslides.git"
  },
  "bugs": {
    "url": "https://github.com/nicinabox/superslides/issues"
  },
  "licenses": [
    {
      "type": "MIT",
      "url": "https://github.com/nicinabox/superslides/blob/master/LICENSE-MIT"
    }
  ],
  "dependencies": {
    "jquery": "*"
  },
  "keywords": []
}